{
  "model": "V10",
  "config": {
    "race_blend": "75% D + 25% A",
    "black_adjustment": {
      "Other Manufacturing": [
        0.2,
        0.0,
        0.0,
        0.15
      ],
      "Retail Trade (44-45)": [
        0.6,
        0.0,
        0.2,
        0.2
      ]
    },
    "dampening": {
      "race": 0.85,
      "hisp": 0.5,
      "gender": 0.95
    },
    "hispanic_hierarchy": "hispanic-specific (cap 15pp)",
    "gender_expert": "F only",
    "confidence_tiers": "GREEN/YELLOW/RED"
  },
  "perm_metrics": {
    "race": 4.40506392382949,
    "hisp": 6.615559500000001,
    "gender": 10.688670850000001,
    "p20": 16.037735849056602,
    "p30": 6.079664570230608,
    "abs_bias": 0.30992433612858145,
    "hs_p20": 13.88888888888889,
    "n": 954,
    "hs_n": 36,
    "race_bias": {
      "White": 0.5634020964360589,
      "Black": -0.19057358490566043,
      "Asian": -0.42881436058700206,
      "AIAN": -0.11387368972746333,
      "NHOPI": -0.19641362683438154,
      "Two+": 0.36646865828092245
    }
  },
  "sealed_metrics": {
    "race": 4.324670319634703,
    "hisp": 6.76842955,
    "gender": 10.5498624,
    "p20": 16.332982086406744,
    "p30": 5.690200210748156,
    "abs_bias": 0.2557347383210397,
    "hs_p20": 29.72972972972973,
    "n": 949,
    "hs_n": 37,
    "race_bias": {
      "White": 0.11481580611169687,
      "Black": 0.4745787144362486,
      "Asian": -0.5283219178082191,
      "AIAN": -0.12994467860906217,
      "NHOPI": -0.10904151738672287,
      "Two+": 0.17770579557428876
    }
  },
  "v92_perm_baseline": {
    "race": 4.40506392382949,
    "hisp": 6.782652049999999,
    "gender": 11.1385522,
    "p20": 16.037735849056602,
    "p30": 6.079664570230608,
    "abs_bias": 0.30992433612858145,
    "hs_p20": 13.88888888888889,
    "n": 954,
    "hs_n": 36,
    "race_bias": {
      "White": 0.5634020964360589,
      "Black": -0.19057358490566043,
      "Asian": -0.42881436058700206,
      "AIAN": -0.11387368972746333,
      "NHOPI": -0.19641362683438154,
      "Two+": 0.36646865828092245
    }
  },
  "v92_sealed_baseline": {
    "race": 4.324670319634703,
    "hisp": 6.76465475,
    "gender": 11.035530199999998,
    "p20": 16.332982086406744,
    "p30": 5.690200210748156,
    "abs_bias": 0.2557347383210397,
    "hs_p20": 29.72972972972973,
    "n": 949,
    "hs_n": 37,
    "race_bias": {
      "White": 0.11481580611169687,
      "Black": 0.4745787144362486,
      "Asian": -0.5283219178082191,
      "AIAN": -0.12994467860906217,
      "NHOPI": -0.10904151738672287,
      "Two+": 0.17770579557428876
    }
  }
}