{
  "run_date": "2026-03-12",
  "model": "V9.2",
  "split_seed": "20260311v92",
  "split_sizes": {
    "train": 10525,
    "dev": 1000,
    "perm": 1000
  },
  "step1": {
    "dampening": {
      "race": 0.9,
      "hisp": 0.1,
      "gender": 1.0
    },
    "perm_metrics": {
      "race": 4.492920178197065,
      "hisp": 6.7610473,
      "gender": 10.8186566,
      "p20": 16.9811320754717,
      "p30": 7.547169811320755,
      "abs_bias": 0.25104372816212445,
      "hs_p20": 13.88888888888889,
      "n": 954,
      "hs_n": 36,
      "race_bias": {
        "White": 0.5287566037735851,
        "Black": -0.23335167714884697,
        "Asian": -0.33574664570230606,
        "AIAN": -0.11633825995807127,
        "NHOPI": -0.06759507337526206,
        "Two+": 0.22447410901467507
      }
    },
    "dev_metrics": {
      "race": 4.482341956445381,
      "hisp": 6.653809,
      "gender": 11.0892585,
      "p20": 16.96522655426765,
      "p30": 7.797681770284511,
      "abs_bias": 0.26599966631541977,
      "hs_p20": 37.03703703703704,
      "n": 949,
      "hs_n": 27,
      "race_bias": {
        "White": -0.4084281348788201,
        "Black": 0.531254056902002,
        "Asian": -0.3897719704952581,
        "AIAN": 0.09032096944151738,
        "NHOPI": 0.02754373024236037,
        "Two+": 0.14867913593256057
      }
    }
  },
  "step2": {
    "dampening": {
      "race": 0.8,
      "hisp": 0.1,
      "gender": 1.0
    },
    "perm_metrics": {
      "race": 4.398976118099231,
      "hisp": 6.75227725,
      "gender": 10.72446405,
      "p20": 15.40880503144654,
      "p30": 6.39412997903564,
      "abs_bias": 0.373328284416492,
      "hs_p20": 13.88888888888889,
      "n": 954,
      "hs_n": 36,
      "race_bias": {
        "White": 0.6058370020964363,
        "Black": -0.23490157232704406,
        "Asian": -0.5455636268343814,
        "AIAN": -0.11595471698113208,
        "NHOPI": -0.22346582809224322,
        "Two+": 0.5142469601677149
      }
    },
    "dev_metrics": {
      "race": 4.367252722163681,
      "hisp": 6.6469076,
      "gender": 10.96046535,
      "p20": 16.12223393045311,
      "p30": 7.37618545837724,
      "abs_bias": 0.3197904812082895,
      "hs_p20": 40.74074074074074,
      "n": 949,
      "hs_n": 27,
      "race_bias": {
        "White": -0.21745774499473153,
        "Black": 0.45207144362486834,
        "Asian": -0.6133029504741834,
        "AIAN": 0.08817291886195995,
        "NHOPI": -0.12880969441517387,
        "Two+": 0.4189281348788198
      }
    }
  },
  "trained_weights": {
    "industry_hisp_weights": {
      "Food/Bev Manufacturing (311,312)": {
        "pums": 0.4,
        "ipf_ind": 0.3,
        "tract": 0.2,
        "occ_chain": 0.2
      },
      "Accommodation/Food Svc (72)": {
        "pums": 0.5,
        "ipf_ind": 0.1,
        "tract": 0.2,
        "occ_chain": 0.0
      },
      "Construction (23)": {
        "pums": 0.2,
        "ipf_ind": 0.3,
        "tract": 0.2,
        "occ_chain": 0.0
      },
      "Agriculture/Mining (11,21)": {
        "pums": 0.1,
        "ipf_ind": 0.2,
        "tract": 0.2,
        "occ_chain": 0.0
      },
      "Transport Equip Mfg (336)": {
        "pums": 0.1,
        "ipf_ind": 0.0,
        "tract": 0.6,
        "occ_chain": 0.2
      }
    },
    "tier_hisp_weights": {
      "low": {
        "pums": 0.4,
        "ipf_ind": 0.3,
        "tract": 0.4,
        "occ_chain": 0.0
      },
      "medium": {
        "pums": 0.2,
        "ipf_ind": 0.3,
        "tract": 0.2,
        "occ_chain": 0.0
      },
      "high": {
        "pums": 0.2,
        "ipf_ind": 0.4,
        "tract": 0.2,
        "occ_chain": 0.0
      }
    },
    "default_hisp_weights": {
      "pums": 0.3,
      "ipf_ind": 0.3,
      "tract": 0.4
    }
  },
  "step3": {
    "dampening": {
      "race": 0.8,
      "hisp": 0.1,
      "gender": 1.0
    },
    "black_weights": {
      "Other Manufacturing": [
        0.2,
        0.0,
        0.0,
        0.15
      ],
      "Retail Trade (44-45)": [
        0.6,
        0.0,
        0.2,
        0.2
      ]
    },
    "perm_metrics": {
      "race": 4.399857477288609,
      "hisp": 6.75227725,
      "gender": 10.72446405,
      "p20": 15.40880503144654,
      "p30": 6.289308176100629,
      "abs_bias": 0.380819426974144,
      "hs_p20": 13.88888888888889,
      "n": 954,
      "hs_n": 36,
      "race_bias": {
        "White": 0.6282908805031449,
        "Black": -0.2574875262054508,
        "Asian": -0.5454553459119497,
        "AIAN": -0.11595262054507338,
        "NHOPI": -0.22346415094339622,
        "Two+": 0.5142660377358491
      }
    },
    "dev_metrics": {
      "race": 4.365163856691254,
      "hisp": 6.6469076,
      "gender": 10.96046535,
      "p20": 16.227608008429925,
      "p30": 7.37618545837724,
      "abs_bias": 0.3156853881278539,
      "hs_p20": 40.74074074074074,
      "n": 949,
      "hs_n": 27,
      "race_bias": {
        "White": -0.205360379346681,
        "Black": 0.43971095890410966,
        "Asian": -0.6130893572181243,
        "AIAN": 0.08817776606954689,
        "NHOPI": -0.12880569020021074,
        "Two+": 0.418968177028451
      }
    }
  },
  "final_pass": 6
}