{
  "model": "V9.2 (D+A blend)",
  "run_date": "2026-03-12",
  "config": {
    "blend_expert": "A",
    "blend_weight": 0.25,
    "blend_tiers": "ALL",
    "black_weights": {
      "Other Manufacturing": [
        0.2,
        0.0,
        0.0,
        0.15
      ],
      "Retail Trade (44-45)": [
        0.6,
        0.0,
        0.2,
        0.2
      ]
    },
    "calibration_max_offset": 20.0,
    "dampening": {
      "race": 0.85,
      "hisp": 0.05,
      "gender": 0.5
    }
  },
  "perm_metrics": {
    "race": 4.402851677148846,
    "hisp": 6.778083,
    "gender": 11.15977515,
    "p20": 15.40880503144654,
    "p30": 5.870020964360587,
    "abs_bias": 0.3130744234800839,
    "hs_p20": 13.88888888888889,
    "n": 954,
    "hs_n": 36,
    "race_bias": {
      "White": 0.562951677148847,
      "Black": -0.21143532494758913,
      "Asian": -0.4263196016771489,
      "AIAN": -0.10068773584905662,
      "NHOPI": -0.20068008385744235,
      "Two+": 0.3763721174004193
    }
  },
  "dev_metrics": {
    "race": 4.363926624517036,
    "hisp": 6.65914945,
    "gender": 11.40124475,
    "p20": 15.595363540569021,
    "p30": 7.165437302423603,
    "abs_bias": 0.280912363891816,
    "hs_p20": 44.44444444444444,
    "n": 949,
    "hs_n": 27,
    "race_bias": {
      "White": -0.28736269757639654,
      "Black": 0.4545080084299262,
      "Asian": -0.450286195995785,
      "AIAN": 0.1005213909378293,
      "NHOPI": -0.10528788198103267,
      "Two+": 0.28750800842992624
    }
  },
  "criteria_passed": 7,
  "n_passing_nearby_configs": 152
}